q_v,Q,K,Nu,Re,Pr
15.47,226.75502482966667,100.881175353611,56.78917362236724,18797.431095316944,0.6978123081415701
14.55,213.34216526562506,95.42535967989959,53.645777049313956,17624.51404730414,0.6978461660085995
12.47,185.85668605183332,84.51954491128208,47.43949858295041,15049.421582107389,0.6978860627831636
11.48,171.84264735516666,79.16302188885885,44.373463688313734,13811.479833850353,0.697919722956705
9.52,143.07016966666663,67.76333023400932,37.92354465525392,11411.251329074168,0.6979593871165762
8.51,128.59791170270836,61.2486369624011,34.26512148736376,10191.922089301452,0.6979685225896967
7.5,114.61485440625,54.8344438757168,30.661843885033303,8972.112144454264,0.6979806928655865
5.96,92.67641513666666,44.861908459257236,25.08244276959232,7127.814740936562,0.6979837335872596
