q_v,Q,K,Nu,Re,Pr
11.07,204.25776254586003,79.0826156084577,43.431329870076326,12720.567958067004,0.6984007228704754
10.02,185.27567517690005,73.50010905181223,40.32367743262667,11489.518836505922,0.6984226504892155
8.99,167.3302383026667,66.485128683836,36.484559495871444,10313.949850852827,0.6984171625538045
7.99,150.37926180961986,60.33658963761286,33.11475802697023,9169.12094952776,0.6984144200928043
9.52,180.94847167113883,72.59247014640793,39.861846061321984,10936.547474425206,0.6984034603026157
